T_inlet,MFR_inlet,CH4Mean,CO2Mean,COMean,H2OMean,N2Mean,O2Mean,TMean,UMean,MFR_outlet,fuelEfficiency,EI_CH4,EI_CO2,EI_CO
700.0,0.04,0.0038103241666666665,0.19194054166666666,0.004067190833333333,0.08150294583333334,0.6769496666666667,0.041729375,895.8894166666666,0.2846071041666667,0.06687553720697836,0.06374363978823994,0.01906896819151329,0.9605765608403392,0.020354470968147572
700.0,0.05,0.0040428991666666666,0.19154670833333332,0.003920598333333333,0.08098627499999998,0.6769429166666667,0.042560445833333335,875.1622500000001,0.35541544333333336,0.0854981103432937,0.09335818709095445,0.02026412207726366,0.9600847612444822,0.019651116678254144
700.0,0.060000000000000005,0.004400430416666666,0.19150833333333334,0.003330908333333333,0.08018991249999997,0.6769344999999999,0.04363600416666667,852.0072083333334,0.4183865,0.10341296696762761,0.0823907374554923,0.02208611553439094,0.9611957866164007,0.016718097849208254
700.0,0.07,0.0048258275,0.19125866666666666,0.00276268875,0.07924484166666668,0.6769217916666666,0.044986099999999994,823.3054166666667,0.4853826166666667,0.12419122673121352,0.06931449885692231,0.024269026240228,0.9618374465320928,0.013893527227679127
700.0,0.08000000000000002,0.004758365,0.19153766666666666,0.0027040679166666667,0.07939714166666666,0.6769207500000001,0.044681725,827.2629583333332,0.5510951250000001,0.14033427602737064,0.06371715166669967,0.02391136994384963,0.9625003558677029,0.01358827418844738
725.0,0.04,0.0036298970833333333,0.19175508333333333,0.004497111666666667,0.08190615416666666,0.6769521666666666,0.041259795833333335,921.6836666666667,0.2915425791666667,0.06657329723849237,0.07899352030203066,0.01816019156843718,0.9593409861519173,0.02249882227964557
725.0,0.05,0.004204218333333333,0.19107404166666667,0.00394447,0.08062699166666668,0.6769377083333333,0.043212658333333334,880.9692083333332,0.36416373750000003,0.08702411396440271,0.09020542268492326,0.021103105721587755,0.9590975972805245,0.019799296997887742
725.0,0.060000000000000005,0.004487568333333333,0.19073887500000003,0.003675192083333333,0.07999865416666667,0.676928625,0.044171033333333325,859.1750833333332,0.43071402500000006,0.10555314585790955,0.07457674580953355,0.022561746784698904,0.9589608179964584,0.01847743521884273
725.0,0.07,0.004843139166666666,0.1907106666666667,0.0030825208333333334,0.07920667083333333,0.676920375,0.04523685416666667,839.4361250000001,0.508415375,0.1275637747182585,0.06461868119870007,0.024381940846066787,0.96009964474776,0.015518414406173235
725.0,0.08000000000000002,0.0050931037499999995,0.19061616666666664,0.00271357375,0.07865012916666665,0.6769144999999999,0.04601219583333333,822.5399166666667,0.5710539666666667,0.14625104024264962,0.05470035766620163,0.025667930380647158,0.960656357221436,0.013675712397916819
750.0,0.04,0.0038813254166666657,0.19084941666666666,0.004643328333333333,0.081347175,0.6769437500000001,0.04233497083333333,917.5357916666666,0.30325841249999996,0.06955644668745087,0.06892336558747836,0.019467553672125895,0.9572429166331181,0.023289529694756003
750.0,0.05,0.004197431666666667,0.19046275,0.004351259166666666,0.08064613333333333,0.67693325,0.043409237499999996,891.1455,0.37246537500000004,0.08797316081199413,0.08006905611129722,0.021091408861171463,0.9570442242037098,0.021864366935118708
750.0,0.060000000000000005,0.004431452916666666,0.19045854166666665,0.003952352916666667,0.08012503333333332,0.6769270416666666,0.044105925,877.7532916666667,0.44576831249999993,0.1069150469278776,0.07108773868951612,0.022286263325606064,0.957836919857661,0.019876816816733003
750.0,0.07,0.004814937083333333,0.19019224999999998,0.003462439166666667,0.07927057083333333,0.676919375,0.0453405,856.9553333333333,0.5192218291666667,0.12758695565304062,0.06289013030919532,0.024260322218112373,0.9582939898341246,0.017445687947763078
750.0,0.08000000000000002,0.005114289166666667,0.19000620833333334,0.0030652325,0.07860269166666667,0.6769140833333332,0.046297275,838.3419583333333,0.5878584583333335,0.1476902720956603,0.05181545514080732,0.0258055368904041,0.9587279988994836,0.015466464210112402
775.0,0.04,0.0035238645833333333,0.19095883333333333,0.005198272083333333,0.0821505625,0.6769431666666665,0.041224958333333325,946.1894583333332,0.313124225,0.06962452308783063,0.066463010333915,0.017647473283675122,0.9563196399403175,0.026032886776007413
775.0,0.05,0.003970035833333334,0.19037391666666664,0.004804065416666666,0.08115667916666666,0.6769338749999998,0.04276135,919.2649166666665,0.3835460416666668,0.0877987993535926,0.08527166823160715,0.019935100910693438,0.9559418098066559,0.024123089282650678
775.0,0.060000000000000005,0.004361121666666667,0.190072125,0.0043214704166666664,0.08028349166666668,0.6769267083333333,0.04403502083333333,898.577375,0.45757054166666666,0.10718208923548632,0.07302621311139368,0.021942229752656122,0.956315038904496,0.02174273134284794
775.0,0.07,0.004693130416666667,0.18980195833333333,0.0039235379166666666,0.07954422916666667,0.6769191250000001,0.045117887499999995,879.3507500000001,0.5330206666666667,0.12761169608010417,0.06197091100976637,0.023652670596046865,0.9565732891206383,0.0197740402833148
775.0,0.08000000000000002,0.0050396245833333325,0.189446125,0.0035495033333333335,0.07876872083333333,0.67691575,0.04628021666666666,859.6727916666666,0.6041276666666667,0.14797479022195364,0.05195170839034435,0.0254481184996593,0.9566282881953297,0.017923593305011035
800.0,0.04,0.00349532375,0.19059795833333334,0.005478332083333333,0.08221502083333333,0.6769422916666666,0.04127089166666666,963.1866249999999,0.32106201666666667,0.07011964882120003,0.06217532795474767,0.01751413278183428,0.9550354098662586,0.027450457351907053
800.0,0.05,0.003889615416666667,0.19001233333333334,0.005177845833333333,0.08133944583333332,0.6769305833333332,0.0426500125,934.9826666666665,0.3972440000000001,0.08938862008089356,0.08104976453260249,0.019537971820834398,0.9544531313738903,0.02600889680527536
800.0,0.060000000000000005,0.0042085008333333325,0.1896955833333333,0.0048311170833333335,0.08062881666666666,0.6769242083333332,0.04371173750000001,917.3019166666667,0.4751461375,0.10899856625644636,0.06994228494398391,0.02117642373803334,0.9545142588740723,0.024309317387894484
800.0,0.07,0.004688435833333332,0.1889285,0.004489399166666667,0.07955599583333332,0.6769175833333333,0.04541989166666666,893.3378333333334,0.5466556333333334,0.12878948248390515,0.060523703431468845,0.023666258998397666,0.9536721781259544,0.022661562875647905
800.0,0.08000000000000002,0.004952564166666667,0.18871454166666668,0.004165238333333333,0.07896300833333333,0.6769170416666668,0.04628768333333332,879.8999166666666,0.6252745000000002,0.14958642756839347,0.04883578812978151,0.025034147917159133,0.9539114671142016,0.021054384968639248
825.0,0.04,0.003173179166666666,0.19097862499999999,0.005801854166666667,0.08294077083333332,0.6769395833333332,0.04016617916666666,989.0036249999999,0.3356688916666667,0.07138424261966582,0.05450082684087931,0.015869572945631277,0.9551144329734069,0.029015994080961848
825.0,0.05,0.0036892920833333336,0.19004770833333334,0.005506519583333333,0.08179040833333333,0.6769291249999999,0.04203692916666667,958.6121249999999,0.40950784583333333,0.08986166383155574,0.08411937893790511,0.018516497215735464,0.9538463701772251,0.027637132607039528
825.0,0.060000000000000005,0.004129788333333333,0.18930691666666663,0.005217730833333333,0.08080675416666667,0.6769223750000001,0.04361643333333332,936.3467083333334,0.48678663333333333,0.109375903635987,0.07070725346517293,0.020788805022195097,0.9529458321559502,0.026265362821854602
825.0,0.07,0.004796650416666666,0.18800454166666666,0.004892764583333333,0.079315625,0.6769139166666667,0.0460765125,901.8876249999998,0.5589862500000001,0.13041907542047476,0.056619239969955326,0.024263009843818018,0.9509878037580207,0.024749186398161184
825.0,0.08000000000000002,0.00492118375,0.18800287499999999,0.004674080416666666,0.07903439583333333,0.6769160833333333,0.046451254166666664,896.5604999999998,0.639080425,0.15000891698959434,0.0425627328344832,0.02490501059753991,0.9514405135233919,0.023654475879068142
850.0,0.04,0.0030489658333333336,0.19102108333333334,0.005989401666666666,0.08321837083333333,0.6769407083333333,0.039781425,1013.2591666666665,0.3460835291666667,0.07183029880894268,0.050142248191448746,0.01524029892431017,0.9548215919700302,0.02993810910565955
850.0,0.05,0.003360646666666667,0.19046079166666668,0.005817802499999999,0.08252895416666668,0.6769285416666666,0.04090309166666667,988.0451666666665,0.42122545833333347,0.0896651127652656,0.08407774595277862,0.016833597706736755,0.9540248243363679,0.0291415779568954
850.0,0.060000000000000005,0.004288567916666666,0.18852887499999998,0.005440238749999999,0.08045308749999999,0.6769183333333333,0.04437101666666667,944.5528333333333,0.5013129583333333,0.11164848872022018,0.07256718366178905,0.021631282483556395,0.9509284755834891,0.027440241932954437
850.0,0.07,0.004543382499999999,0.18807429166666664,0.005290805833333333,0.07988468333333333,0.6769136250000001,0.04529315416666666,929.460875,0.5846440875000001,0.13233175056595792,0.05085775453158736,0.022956987492400528,0.9503094140618263,0.026733598445773187
850.0,0.08000000000000002,0.004802935416666666,0.187637125,0.005115539583333333,0.07930140833333334,0.6769138749999999,0.04622897916666666,916.7355416666667,0.6550794083333337,0.15034625499020726,0.04374932953075794,0.024311816099703912,0.9497940073579285,0.02589417654236748
875.0,0.04,0.0027166362499999996,0.19166816666666667,0.006162875,0.08396825833333334,0.676936375,0.03854784583333334,1038.0620833333332,0.3582693708333334,0.07257632843696883,0.042392029077811255,0.013546086787047417,0.9557236895373593,0.030730223675593252
875.0,0.05,0.0033163041666666665,0.19039112499999997,0.005942474166666666,0.08263059583333333,0.6769260416666666,0.04079365833333333,1006.1358333333335,0.4374111666666668,0.09143051305743281,0.08743246542745686,0.01661059740725144,0.9536249295454204,0.029764473047328134
875.0,0.060000000000000005,0.00395493375,0.1890266666666667,0.005706319166666667,0.08120272916666665,0.6769179583333333,0.04319155833333333,975.84325,0.5151053083333333,0.11102653405268677,0.07163906449038082,0.019905255227866174,0.9513747341210921,0.02872001065104178
875.0,0.07,0.004209969583333333,0.18849937499999994,0.005601835416666666,0.0806332875,0.6769139583333333,0.044141425,961.2504166666666,0.6011595291666668,0.13154894888532473,0.05577350974350359,0.021229108632873517,0.9505231878505286,0.02824770351659784
875.0,0.08000000000000002,0.004735365,0.18738387499999998,0.0053980758333333325,0.07945538333333332,0.676911125,0.0461162875,936.0412083333333,0.6737495,0.15142000699128735,0.047001389121738235,0.023974429684918048,0.9486959369077088,0.027329633407373113
900.0,0.04,0.0022621275000000002,0.19259791666666665,0.006367416666666666,0.08499116666666666,0.6769338749999999,0.03684744583333333,1070.9966666666667,0.3730060416666666,0.07323028556377711,0.03707623320746711,0.011241644110758857,0.9571154745434367,0.03164288134580439
900.0,0.05,0.0029105454166666665,0.19121354166666668,0.006130819166666667,0.08354413749999999,0.6769228333333333,0.03927812916666666,1038.0774999999999,0.46235455833333344,0.09366154638652424,0.0933672619016982,0.014534202787686589,0.9548507212500152,0.03061507596229826
900.0,0.060000000000000005,0.003716437916666666,0.18941745833333334,0.0058757979166666665,0.0817397125,0.6769159166666667,0.042334558333333334,1003.2004166666666,0.5356996291666667,0.1123069575249625,0.07756657148660051,0.018674657695590565,0.951800157909393,0.029525184395016467
900.0,0.07,0.004322793333333333,0.18807025,0.0056801762499999985,0.0803813375,0.6769117916666666,0.044633504166666664,974.7016249999999,0.6185343416666668,0.13347775685272792,0.05749259121960115,0.021824219056098337,0.9494986267988396,0.02867715414506218
900.0,0.08000000000000002,0.00466678875,0.18731400000000004,0.005563067083333333,0.07961004583333334,0.6769099166666666,0.04593595833333334,958.7435833333333,0.6970587916666668,0.15293606264695675,0.042805527461884485,0.023624064288475483,0.9482147607670258,0.02816117494449871
925.0,0.04,0.0017406525,0.19366862499999998,0.006598084583333334,0.08616354166666666,0.6769324166666666,0.03489661249999999,1107.6216666666664,0.39641216666666673,0.07524317036592003,0.03512706024396439,0.008616777537453983,0.9587206278160626,0.03266259464648349
925.0,0.05,0.002346308958333333,0.192358625,0.0063880225,0.084812325,0.6769220416666665,0.0371726125,1077.2275,0.4712775,0.09198728063776801,0.10164557314039924,0.011667782898301018,0.9565657016925747,0.031766515409124264
925.0,0.060000000000000005,0.0034950195833333333,0.18977574999999997,0.006034501666666667,0.08223732499999999,0.676915875,0.04154167499999999,1031.1441666666667,0.5519074166666667,0.11256008533573712,0.08731323535918556,0.017536011774366624,0.9521863060107096,0.030277682214923694
925.0,0.07,0.004130022499999999,0.18837579166666665,0.005823167916666666,0.08081492916666667,0.6769109166666666,0.04394517083333333,1001.45075,0.637501029166667,0.1338863143478761,0.06000487391425913,0.020824099718641513,0.9498147456205641,0.02936115466079437
925.0,0.08000000000000002,0.004300939999999999,0.18802775,0.005749757916666667,0.08043317916666666,0.6769081666666665,0.0445801875,992.3771666666667,0.735274666666667,0.15583829897468857,0.04484460285843084,0.021713316341258098,0.9492590030749076,0.029027680583834346
950.0,0.04,0.0009947929208333334,0.19522979166666668,0.00690800625,0.08783994166666667,0.6769313749999999,0.03209600833333333,1152.7699999999998,0.4174813333333334,0.07612665659822511,0.03528043866615049,0.0048972590598676405,0.9610953656513181,0.03400737528881418
950.0,0.05,0.00189863925,0.19326795833333332,0.006594008749999999,0.08582015,0.6769195416666667,0.03549972916666666,1111.4120833333334,0.5006232083333334,0.09469965329548274,0.11371336349574657,0.00941035658300518,0.9579073033416191,0.032682340075375696
950.0,0.060000000000000005,0.0023980322499999995,0.19218624999999998,0.006420200833333333,0.08470441666666667,0.6769120833333334,0.0373790375,1088.6904166666668,0.6006728958333335,0.11600725830877934,0.09349825279655033,0.011930242615563021,0.9561291721056917,0.03194058527874535
950.0,0.07,0.003896784166666666,0.18879391666666667,0.00596686125,0.0813407375,0.6769088333333333,0.04309250416666666,1028.9466666666667,0.6581844166666667,0.13452639828875065,0.08032182153841483,0.019615584354307308,0.9503485026533798,0.030035912992312907
950.0,0.08000000000000002,0.0035187412499999996,0.18967629166666664,0.006067875416666665,0.08219140833333333,0.676906875,0.041638800000000004,1041.185833333333,0.7642464625000001,0.15436026136757683,0.04799741851517847,0.017658786973608443,0.9518896078208903,0.030451605205501324
975.0,0.04,0.0004710222893750001,0.1963028333333333,0.007144799166666666,0.0890206375,0.67692725,0.030133679166666667,1187.9487499999998,0.4390665,0.0776822840764999,0.03759942340054967,0.002309853847660545,0.9626526495876115,0.03503749656472793
975.0,0.05,0.0006945543757500001,0.19587054166666665,0.0070446108333333335,0.088528,0.6769158333333334,0.0309465625,1172.62875,0.5486085583333334,0.09833634060033712,0.12181379949981175,0.0034112046346289494,0.9619901952228336,0.03459860014253746
975.0,0.060000000000000005,0.001277174098875,0.194596625,0.006845774583333333,0.08722435833333332,0.6769100416666667,0.033145787499999996,1148.2620833333333,0.6423395250000001,0.1175926145403634,0.11548121282893364,0.006300201187662083,0.9599301215237251,0.033769677288612764
975.0,0.07,0.0017283601666666668,0.19361979166666665,0.0066849125,0.08621406666666666,0.6769063749999998,0.03484632916666667,1127.3495833333334,0.7372578291666668,0.13748433645122646,0.10132183583287357,0.00855483815171488,0.9583569516483418,0.0330882101999433
975.0,0.08000000000000002,0.0030454312500000002,0.1906318333333333,0.006287476666666666,0.083255425,0.6769057499999999,0.03987410833333334,1078.87,0.7910482166666669,0.15417543554306118,0.09183288401548795,0.015229841175812792,0.9533272322994258,0.031442926524761355
1000.0,0.04,0.00013475205733958339,0.19694216666666664,0.007327990416666666,0.08977842916666666,0.6769244583333334,0.02889205,1217.0124999999998,0.4569972916666668,0.07891635476526472,0.05668556915810974,0.0006592408074056875,0.9634903950918795,0.03585036410071488
1000.0,0.05,0.00035429718148583347,0.19650970833333334,0.007234623333333332,0.08929474999999999,0.6769136666666665,0.02969287916666667,1203.6066666666666,0.5699412875000001,0.09952105851888833,0.12687226764568194,0.0017359116202070486,0.9628173860958897,0.035446702283903266
1000.0,0.060000000000000005,0.0005595763375000004,0.19608670833333333,0.0071530541666666655,0.08883856666666667,0.6769084166666667,0.030453975000000005,1192.9641666666664,0.6741276458333335,0.11876883085699576,0.12071829467839101,0.002745722045478176,0.9621557628785226,0.03509851507599921
1000.0,0.07,0.0007361325166666668,0.19570704166666666,0.007087758749999999,0.08844255416666667,0.6769070416666666,0.031119312499999996,1184.6433333333332,0.7844623333333336,0.139183225333785,0.11559913314939996,0.0036168090326976856,0.9615592030464019,0.03482398792090045
1000.0,0.08000000000000002,0.0010641398875000003,0.19499416666666666,0.006973822500000001,0.08770880833333333,0.6769031666666667,0.03235575416666667,1170.6820833333331,0.8810342958333337,0.15819101916576814,0.11070039666389764,0.005241238874149322,0.9604103920648166,0.034348369061034
1025.0,0.04,1.0413020739166672e-05,0.19710954166666667,0.007442210416666666,0.09006039583333332,0.6769219166666667,0.028455625,1238.7879166666667,0.4708588750000001,0.07987607610709134,0.09598817751181199,5.0903942739699555e-05,0.9635679284406564,0.03638116761660392
1025.0,0.05,8.884375362208339e-05,0.19697541666666665,0.007402757083333332,0.08989231666666667,0.6769131249999999,0.028727687499999998,1232.5441666666666,0.5878793416666668,0.10023456161187354,0.12842831918352626,0.0004345138629535179,0.9633603457006327,0.03620514043641388
1025.0,0.060000000000000005,0.00019100355512916684,0.19677466666666668,0.00735861875,0.08966735833333335,0.6769084166666666,0.029100062500000003,1226.4354166666665,0.701945425,0.12028189730106847,0.12541578860192493,0.0009348059209716973,0.9630507839125709,0.03601441016645728
1025.0,0.07,0.00033650602833333354,0.19648145833333333,0.007298128333333333,0.08934465833333333,0.6769033333333333,0.02963609583333333,1218.1604166666664,0.8124506333333336,0.14016764969976236,0.12146671681637955,0.0016486011655933318,0.9625966073479826,0.035754791486424076
1025.0,0.08000000000000002,0.0004700890875000003,0.19618241666666666,0.00725490875,0.089044375,0.6769032500000001,0.03014504583333333,1213.405,0.9210650291666669,0.15953260858537402,0.1187498392152303,0.0023054045810109295,0.9621151694935441,0.03557942592544496
1050.0,0.04,5.5507730500000104e-12,0.19701195833333332,0.00752154,0.09008267083333332,0.6769220416666666,0.028461825,1257.5537499999998,0.4817990833333333,0.08050907323982477,0.11020639306062963,2.713869901546952e-11,0.9632258770977036,0.036774122875157765
1050.0,0.05,2.684610973502923e-07,0.19705254166666664,0.0075111399999999995,0.09009373749999999,0.676910875,0.0284315125,1254.54875,0.6032633250000001,0.10104779947684105,0.12728790171379978,1.3123578088056094e-06,0.9632808788821003,0.03671780876009085
1050.0,0.060000000000000005,4.848161002733338e-06,0.19706170833333334,0.00750292375,0.09008761666666665,0.676907125,0.028436079166666666,1252.5987499999999,0.7241850541666668,0.12149175035577131,0.12625182391137413,2.3699336758067403e-05,0.963299648109603,0.03667665255363885
1050.0,0.07,5.6837215363750045e-05,0.19697391666666667,0.007477103749999999,0.08997708749999998,0.6769001666666666,0.028614591666666665,1248.5708333333334,0.8451675750000002,0.1422474828845571,0.12470766201835104,0.0002779219146973651,0.9631606283856363,0.036561449699666314
1050.0,0.08000000000000002,0.0001503565402500001,0.19676970833333332,0.007443967083333333,0.08976709999999999,0.6769002083333332,0.0289687125,1245.0112499999998,0.9570524208333334,0.16154176018624491,0.12362975354695838,0.000735728977404878,0.9628392356968943,0.03642503532570079
1075.0,0.04,2.676774166666667e-14,0.19689066666666666,0.007596246249999999,0.0900799375,0.6769231666666665,0.0285099125,1275.8716666666667,0.4947031541666667,0.08147545637870589,0.11705178648961612,1.3090197942188928e-13,0.9628521642696937,0.03714783573017535
1075.0,0.05,2.191814166666667e-14,0.1969323333333333,0.007589156666666667,0.09009417083333333,0.6769097083333332,0.02847466666666667,1273.5337499999998,0.6170225041666667,0.10180777171911885,0.12593649132377616,1.0716791505217533e-13,0.9628931088528263,0.03710689114706653
1075.0,0.060000000000000005,1.513587916666667e-14,0.19694441666666665,0.0075850975,0.09009765833333333,0.6769072916666666,0.0284656875,1272.4216666666664,0.7410118416666667,0.12237284994153591,0.1253740387984712,7.400339862114791e-14,0.9629144110036186,0.037085588996307435
1075.0,0.07,2.4628533928333347e-10,0.1969687083333333,0.007581865416666667,0.09010706666666665,0.6768989583333334,0.028443541666666666,1271.2429166666666,0.8618998083333334,0.14246874497597348,0.12451700191267934,1.204031523704285e-09,0.962934028906271,0.03706596988969758
1075.0,0.08000000000000002,4.974098079583329e-07,0.19697120833333337,0.007580718750000001,0.09010739583333334,0.676898,0.028442258333333338,1270.9454166666665,0.9856170875000002,0.1629569070513796,0.12444977841670879,2.4316984224990747e-06,0.9629375394665041,0.03706002883507344
1100.0,0.04,4.5074333333333335e-15,0.19678383333333335,0.007669455833333333,0.09008244166666667,0.6769189166666667,0.028545204166666668,1293.70125,0.5035613333333333,0.08178836568714073,0.12344902135986913,2.2046274489909794e-14,0.9624879801904989,0.03751201980947912
1100.0,0.05,7.39580625e-15,0.19680541666666668,0.007668217083333333,0.09009187083333332,0.6769104583333333,0.028524158333333327,1293.0066666666664,0.6325104004166666,0.10278744074049408,0.12495813493548891,3.616997514233168e-14,0.9624977707751015,0.03750222922486238
1100.0,0.060000000000000005,2.2450433333333333e-14,0.19682466666666668,0.007665984583333333,0.09009989166666667,0.6769035416666667,0.02850584583333333,1292.1354166666665,0.7574984166666668,0.12318191886305069,0.1243878490860243,1.0978708902386003e-13,0.9625118090411727,0.037488190958717436
1100.0,0.07,2.81865875e-14,0.1968317083333333,0.007665500416666665,0.09010336666666666,0.6769007083333333,0.028498516666666664,1291.8879166666668,0.8809019541666671,0.14327680192659256,0.12428738679140061,1.3783360502712054e-13,0.9625153787499126,0.0374846212499495
1100.0,0.08000000000000002,1.6742274999999997e-14,0.19683320833333334,0.007665665833333333,0.09010537499999999,0.6769003333333333,0.028495608333333332,1291.88625,1.003218416666667,0.16317136354176023,0.12431281331459187,8.186976612083284e-14,0.9625148751327505,0.03748512486716765
1125.0,0.04,4.2892370833333325e-15,0.19666749999999997,0.007745494999999999,0.09008349583333332,0.6769172499999999,0.028586274999999998,1312.435833333333,0.5172533208333334,0.08280976219466737,0.12481243964319,2.0983191813872907e-14,0.9621085978413254,0.03789140215865355
1125.0,0.05,8.437937499999999e-15,0.19667975,0.007746552083333334,0.090089875,0.6769111666666667,0.02857275,1312.4208333333333,0.6447407916666668,0.103220989191761,0.12383539234205077,4.127618322108067e-14,0.962105893398279,0.037894106601679724
1125.0,0.060000000000000005,3.69675375e-15,0.196691125,0.007747834999999999,0.09009627083333334,0.6769053750000001,0.028559483333333333,1312.4679166666667,0.7787410250000001,0.12466939942197312,0.12385923060166204,1.808243277113097e-14,0.9621019643222429,0.037898035677739014
1125.0,0.07,8.77069375e-15,0.19669754166666664,0.0077485979166666665,0.09010061666666666,0.67690225,0.028551254166666668,1312.4975000000002,0.9073976750000002,0.14526272673174412,0.12390417316617375,4.289977677188981e-14,0.9620995635698139,0.03790043643014333
1125.0,0.08000000000000002,9.532959583333332e-15,0.19670508333333334,0.007749377083333333,0.09010535416666667,0.6768982916666666,0.028541795833333328,1312.5066666666667,1.0292520000000003,0.16476871144549535,0.1238957688942598,4.6626322379591296e-14,0.9620972950771056,0.03790270492284775
1150.0,0.04,6.405439166666666e-15,0.1965464583333333,0.007821669583333331,0.09008312916666665,0.67691775,0.028631166666666666,1331.4029166666662,0.5248622916666668,0.08282761868648283,0.12320865636666412,3.1342652261698816e-14,0.9617275469366297,0.038272453063339006
1150.0,0.05,4.596235416666666e-15,0.19655150000000002,0.007826224583333333,0.09008823333333332,0.6769124583333334,0.028621887500000002,1332.2941666666666,0.6573584750000001,0.1036669891192734,0.12294325780387672,2.2488925473835016e-14,0.9617070568757278,0.03829294312424972
1150.0,0.060000000000000005,3.22373125e-15,0.1965609583333333,0.007829942500000001,0.09009490416666666,0.6769053333333335,0.0286088125,1332.9133333333332,0.7948354833333335,0.12528897035456218,0.12333087271209608,1.5772381436043868e-14,0.9616913352400758,0.038308664759908545
1150.0,0.07,3.723385e-15,0.19656345833333333,0.007831172916666665,0.090097425,0.6769033750000001,0.02860434583333333,1333.1245833333332,0.9189413500000002,0.14482852189190698,0.1235269473950108,1.8216647752580988e-14,0.9616860146043086,0.03831398539567327
1150.0,0.08000000000000002,1.2609429166666666e-14,0.19657345833333334,0.007833362083333332,0.09010385416666666,0.6768976666666666,0.028591624999999996,1333.399583333333,1.04777450875,0.1650987846220516,0.12365240169532943,6.168790816746033e-14,0.9616775894885611,0.03832241051137715
1175.0,0.04,5.639989583333334e-15,0.19642862499999997,0.007895806666666665,0.09008376249999998,0.6769182083333334,0.028673579166666664,1349.9645833333332,0.5346525833333333,0.08320927138241861,0.12125194780988546,2.760310912076445e-14,0.9613565220650987,0.03864347793487373
1175.0,0.05,4.471867916666666e-15,0.1964195,0.007902300833333334,0.09008354166666667,0.6769176249999999,0.0286769125,1351.5695833333332,0.6700833083333334,0.10416254385318419,0.12163700385722709,2.1886396353340194e-14,0.9613242404818877,0.03867575951809039
1175.0,0.060000000000000005,5.092453333333334e-15,0.19643158333333333,0.007911587083333333,0.09009481666666667,0.6769057916666666,0.028656287500000002,1353.3658333333333,0.8060089208333335,0.1251249306942553,0.12271906704952928,2.492108409079404e-14,0.9612828406880148,0.0387171593119603
1175.0,0.07,9.874554166666665e-15,0.19643437499999997,0.007912700416666666,0.09009699583333333,0.6769039166666667,0.028652200000000003,1353.5495833333332,0.9393317500000001,0.1458020825340764,0.12294680224003163,4.8322463859743675e-14,0.9612781323121847,0.03872186768776687
1175.0,0.08000000000000002,2.7746450000000003e-15,0.196442375,0.007919365000000001,0.09010515833333334,0.6768959583333333,0.028637500000000003,1354.8454166666666,1.071827254166667,0.1662081837742036,0.12377495923693116,1.3577125542187898e-14,0.961248299216856,0.03875170078313041
1200.0,0.04,1.0594134166666664e-14,0.196314,0.00797098875,0.09008662916666665,0.6769167916666667,0.028711666666666667,1368.8045833333333,0.5429395000000001,0.08333266182177014,0.1192961486290316,5.185958220175938e-14,0.9609810353722812,0.03901896462766693
1200.0,0.05,6.908936666666666e-15,0.19630670833333333,0.007985358333333333,0.0900925375,0.6769097083333332,0.0287056,1372.11,0.6851673208333334,0.1049083367109937,0.12099559256338155,3.381891807839707e-14,0.9609120487954665,0.039087951204499684
1200.0,0.060000000000000005,3.3128174999999997e-15,0.1963068333333333,0.00799692625,0.09010129583333333,0.6769020416666667,0.028692937499999994,1374.6304166666666,0.8216303916666667,0.12557118324421407,0.12273945145835741,1.6215156817262012e-14,0.9608576647521686,0.039142335247815206
1200.0,0.07,3.5350566666666668e-15,0.19630437499999998,0.0079986275,0.09009955833333332,0.6769014999999999,0.028695987499999995,1375.0845833333333,0.9524602795833335,0.1455181287950039,0.12315285377199181,1.730300888097132e-14,0.9608491926103563,0.0391508073896264
1200.0,0.08000000000000002,3.46099625e-15,0.1963102083333333,0.008002470833333332,0.09010477083333333,0.6768964583333332,0.02868625,1375.8112500000002,1.0848777750000003,0.16566116507460862,0.12358519435861015,1.693970371352557e-14,0.9608322358358939,0.03916776416408909
1225.0,0.04,1.8006812499999997e-14,0.19620129166666667,0.008046582083333332,0.09009083333333333,0.6769141249999999,0.02874718333333333,1387.8049999999998,0.5542279625000002,0.08389729015703888,0.11741650721560193,8.816156647994681e-14,0.9606038391704401,0.03939616082947166
1225.0,0.05,1.1460656666666666e-14,0.19618795833333333,0.008065168333333332,0.09010014583333331,0.6769075,0.02873907916666666,1392.1358333333333,0.6928784583333335,0.10455829333702996,0.11999686139134413,5.6110067217572534e-14,0.9605138561893038,0.03948614381064006
1225.0,0.060000000000000005,8.374084166666666e-15,0.19618049999999995,0.008077952083333333,0.09010309166666665,0.6769018333333333,0.028736716666666665,1395.13625,0.8338289166666667,0.1255571062278347,0.12219915121836389,4.099749156646829e-14,0.9604522995207772,0.03954770047918194
1225.0,0.07,6.017193333333332e-15,0.196185625,0.008082049583333334,0.09010741666666666,0.6768965416666666,0.0287284875,1395.9441666666667,0.9683572491666669,0.14572961992413003,0.12273456497694801,2.945739381234485e-14,0.9604340255998658,0.03956597440010476
1225.0,0.08000000000000002,3.4936724999999998e-15,0.19618741666666667,0.00808825,0.090112275,0.6768914166666666,0.028720904166666665,1397.2779166666667,1.1067119625000001,0.1663913510028227,0.12370489959875541,1.710273454009014e-14,0.9604052203966045,0.03959477960337842
1250.0,0.04,1.817902916666667e-14,0.19612466666666667,0.008117477916666666,0.09012034166666667,0.676901625,0.028735729166666665,1404.9374999999998,0.561640825,0.08397872499698773,0.11375553949109418,8.900723797114156e-14,0.9602556175012543,0.039744382498656694
1250.0,0.05,1.0476961666666668e-14,0.19607766666666665,0.008148634583333333,0.09011269583333333,0.6768987500000001,0.028762083333333334,1412.92375,0.7096865583333335,0.10551427250924125,0.11971669908010185,5.1300746292422664e-14,0.9600999747169274,0.03990002528302126
1250.0,0.060000000000000005,1.6684891666666664e-14,0.19605195833333333,0.008161149166666666,0.09010421250000002,0.6769008749999998,0.028782049999999997,1416.3037499999998,0.8539769500000002,0.12666368996125618,0.12219084610531761,8.170333369353043e-14,0.9600361148870785,0.039963885112839784
1250.0,0.07,1.1300938333333331e-14,0.19605999999999998,0.008169684583333333,0.09011426666666666,0.6768911249999999,0.028764866666666666,1418.0208333333335,0.9844069708333335,0.14583183059032032,0.12320548343961935,5.533445520610155e-14,0.9599975654860758,0.04000243451386885
1250.0,0.08000000000000002,5.907092083333333e-15,0.196060875,0.008174406666666667,0.09011852916666667,0.6768876666666667,0.02875855416666667,1419.043333333333,1.1350507666666667,0.1680268260564199,0.12403158898312128,2.892297567358687e-14,0.9599755409547023,0.040024459045268766
